{
  "accuracy": [
    0.322585791349411,
    0.5412609577178955,
    0.6151636242866516,
    0.659217894077301,
    0.6801276803016663,
    0.7023942470550537,
    0.709976077079773,
    0.7246608138084412,
    0.7339984178543091,
    0.7413407564163208,
    0.7536312937736511,
    0.7525139451026917,
    0.7608140707015991,
    0.7600159645080566,
    0.7646448612213135,
    0.7749401330947876,
    0.7737430334091187,
    0.7761372923851013,
    0.7798882722854614,
    0.7854748368263245,
    0.6988826990127563,
    0.7617717385292053,
    0.770391047000885,
    0.785075843334198,
    0.790662407875061,
    0.7960894107818604,
    0.8051875233650208,
    0.8142058849334717,
    0.8213886618614197,
    0.8231444358825684
  ],
  "loss": [
    2.2070748805999756,
    1.4193711280822754,
    1.155633807182312,
    1.0286445617675781,
    0.9530824422836304,
    0.8805721998214722,
    0.8385982513427734,
    0.8089905977249146,
    0.7876445055007935,
    0.7574085593223572,
    0.7339057326316833,
    0.7237828969955444,
    0.6984114050865173,
    0.6913803815841675,
    0.6869871616363525,
    0.6497412323951721,
    0.662704586982727,
    0.6493126153945923,
    0.6313017010688782,
    0.6211611032485962,
    0.96531742811203,
    0.7438681721687317,
    0.6967033743858337,
    0.63639897108078,
    0.6208126544952393,
    0.5932782292366028,
    0.5596164464950562,
    0.536227285861969,
    0.5298647880554199,
    0.5052378177642822
  ],
  "top_k_categorical_accuracy": [
    0.7201117277145386,
    0.9047086834907532,
    0.9437350630760193,
    0.958260178565979,
    0.965442955493927,
    0.9709497094154358,
    0.9750997424125671,
    0.9770151376724243,
    0.9766161441802979,
    0.9794892072677612,
    0.9830008149147034,
    0.9830008149147034,
    0.9833998680114746,
    0.9851556420326233,
    0.9840382933616638,
    0.9864325523376465,
    0.9841181039810181,
    0.9865123629570007,
    0.9871508479118347,
    0.9868316054344177,
    0.9573822617530823,
    0.9817238450050354,
    0.9849960207939148,
    0.9870710372924805,
    0.9876297116279602,
    0.9877095222473145,
    0.9893854856491089,
    0.9898643493652344,
    0.9901037216186523,
    0.9920191764831543
  ],
  "val_accuracy": [
    0.7111040353775024,
    0.7807826995849609,
    0.8075087666511536,
    0.8221444487571716,
    0.846325159072876,
    0.853324830532074,
    0.8654152154922485,
    0.8663697242736816,
    0.8657333850860596,
    0.8733693957328796,
    0.8705058693885803,
    0.8711422085762024,
    0.8724148869514465,
    0.8784600496292114,
    0.8806872367858887,
    0.8848234415054321,
    0.883550763130188,
    0.8822780847549438,
    0.8860960602760315,
    0.8794145584106445,
    0.8803690671920776,
    0.8841871023178101,
    0.8864142298698425,
    0.890550434589386,
    0.8918231129646301,
    0.8959592580795288,
    0.8959592580795288,
    0.8985046148300171,
    0.9004136323928833,
    0.9010499715805054
  ],
  "val_loss": [
    1.0545337200164795,
    0.7204108834266663,
    0.5902055501937866,
    0.5304195284843445,
    0.46300196647644043,
    0.43303945660591125,
    0.40377718210220337,
    0.4013376832008362,
    0.39236485958099365,
    0.3720847964286804,
    0.3793408274650574,
    0.35523512959480286,
    0.3525755703449249,
    0.339914470911026,
    0.3303205072879791,
    0.32267117500305176,
    0.3189578652381897,
    0.3193589746952057,
    0.315053790807724,
    0.321239709854126,
    0.32823413610458374,
    0.3160055875778198,
    0.30495357513427734,
    0.2939317524433136,
    0.2869950234889984,
    0.2791469693183899,
    0.27474066615104675,
    0.26399916410446167,
    0.2568940222263336,
    0.25375276803970337
  ],
  "val_top_k_categorical_accuracy": [
    0.9430480599403381,
    0.9780464768409729,
    0.986000657081604,
    0.9904549717903137,
    0.992682158946991,
    0.993000328540802,
    0.9942730069160461,
    0.9936366677284241,
    0.9952275156974792,
    0.9961819648742676,
    0.9952275156974792,
    0.9965001344680786,
    0.9958637952804565,
    0.9958637952804565,
    0.9965001344680786,
    0.9965001344680786,
    0.9968183040618896,
    0.9968183040618896,
    0.9971364736557007,
    0.9971364736557007,
    0.9961819648742676,
    0.9971364736557007,
    0.9971364736557007,
    0.9971364736557007,
    0.9971364736557007,
    0.9971364736557007,
    0.9971364736557007,
    0.9971364736557007,
    0.9971364736557007,
    0.9971364736557007
  ],
  "learning_rate": [
    9.999999747378752e-05,
    9.999999747378752e-05,
    9.999999747378752e-05,
    9.999999747378752e-05,
    9.999999747378752e-05,
    9.999999747378752e-05,
    9.999999747378752e-05,
    9.999999747378752e-05,
    9.999999747378752e-05,
    9.999999747378752e-05,
    9.999999747378752e-05,
    9.999999747378752e-05,
    9.999999747378752e-05,
    9.999999747378752e-05,
    9.999999747378752e-05,
    9.999999747378752e-05,
    9.999999747378752e-05,
    9.999999747378752e-05,
    9.999999747378752e-05,
    9.999999747378752e-05,
    9.999999747378752e-06,
    9.999999747378752e-06,
    9.999999747378752e-06,
    9.999999747378752e-06,
    9.999999747378752e-06,
    9.999999747378752e-06,
    9.999999747378752e-06,
    9.999999747378752e-06,
    9.999999747378752e-06,
    9.999999747378752e-06
  ]
}