{
  "model_type": "DenseNet121",
  "total_parameters": 7699543,
  "val_loss": 0.25375276803970337,
  "val_accuracy": 0.9010499715805054,
  "val_top_k_accuracy": 0.9971364736557007,
  "classification_report": {
    "Pepper__bell___Bacterial_spot": {
      "precision": 0.9421052631578948,
      "recall": 0.895,
      "f1-score": 0.9179487179487179,
      "support": 200.0
    },
    "Pepper__bell___healthy": {
      "precision": 0.9305993690851735,
      "recall": 0.9966216216216216,
      "f1-score": 0.9624796084828712,
      "support": 296.0
    },
    "Potato___Early_blight": {
      "precision": 0.9849246231155779,
      "recall": 0.98,
      "f1-score": 0.9824561403508771,
      "support": 200.0
    },
    "Potato___Late_blight": {
      "precision": 0.9182692307692307,
      "recall": 0.955,
      "f1-score": 0.9362745098039216,
      "support": 200.0
    },
    "Potato___healthy": {
      "precision": 0.8484848484848485,
      "recall": 0.9032258064516129,
      "f1-score": 0.875,
      "support": 31.0
    },
    "Tomato_Bacterial_spot": {
      "precision": 0.9220489977728286,
      "recall": 0.971830985915493,
      "f1-score": 0.9462857142857143,
      "support": 426.0
    },
    "Tomato_Early_blight": {
      "precision": 0.8518518518518519,
      "recall": 0.575,
      "f1-score": 0.6865671641791045,
      "support": 200.0
    },
    "Tomato_Late_blight": {
      "precision": 0.8103448275862069,
      "recall": 0.4845360824742268,
      "f1-score": 0.6064516129032258,
      "support": 97.0
    },
    "Tomato_Leaf_Mold": {
      "precision": 0.8387096774193549,
      "recall": 0.9528795811518325,
      "f1-score": 0.8921568627450981,
      "support": 191.0
    },
    "Tomato_healthy": {
      "precision": 0.8907563025210085,
      "recall": 0.9968652037617555,
      "f1-score": 0.9408284023668639,
      "support": 319.0
    },
    "cauliflower_Bacterial_spot_rot": {
      "precision": 0.9166666666666666,
      "recall": 0.9428571428571428,
      "f1-score": 0.9295774647887324,
      "support": 35.0
    },
    "cauliflower_Black_Rot": {
      "precision": 0.8181818181818182,
      "recall": 0.9,
      "f1-score": 0.8571428571428571,
      "support": 20.0
    },
    "cauliflower_Downy_Mildew": {
      "precision": 0.8787878787878788,
      "recall": 0.8055555555555556,
      "f1-score": 0.8405797101449275,
      "support": 36.0
    },
    "cauliflower_No_disease": {
      "precision": 0.9545454545454546,
      "recall": 1.0,
      "f1-score": 0.9767441860465116,
      "support": 42.0
    },
    "chilly_healthy": {
      "precision": 1.0,
      "recall": 0.5,
      "f1-score": 0.6666666666666666,
      "support": 2.0
    },
    "chilly_leaf__curl": {
      "precision": 0.0,
      "recall": 0.0,
      "f1-score": 0.0,
      "support": 2.0
    },
    "chilly_leaf_spot": {
      "precision": 0.0,
      "recall": 0.0,
      "f1-score": 0.0,
      "support": 2.0
    },
    "chilly_whitefly": {
      "precision": 0.0,
      "recall": 0.0,
      "f1-score": 0.0,
      "support": 2.0
    },
    "chilly_yellowish": {
      "precision": 0.0,
      "recall": 0.0,
      "f1-score": 0.0,
      "support": 2.0
    },
    "corn_Blight": {
      "precision": 0.8870967741935484,
      "recall": 0.717391304347826,
      "f1-score": 0.7932692307692307,
      "support": 230.0
    },
    "corn_Common_Rust": {
      "precision": 0.9035714285714286,
      "recall": 0.9656488549618321,
      "f1-score": 0.933579335793358,
      "support": 262.0
    },
    "corn_Gray_Leaf_Spot": {
      "precision": 0.6506849315068494,
      "recall": 0.8260869565217391,
      "f1-score": 0.7279693486590039,
      "support": 115.0
    },
    "corn_Healthy": {
      "precision": 0.9956896551724138,
      "recall": 0.9914163090128756,
      "f1-score": 0.9935483870967742,
      "support": 233.0
    },
    "accuracy": 0.9010499522748966,
    "macro avg": {
      "precision": 0.7366660695386971,
      "recall": 0.7113006697666746,
      "f1-score": 0.7158924313119328,
      "support": 3143.0
    },
    "weighted avg": {
      "precision": 0.8993631686613018,
      "recall": 0.9010499522748966,
      "f1-score": 0.8952263754092296,
      "support": 3143.0
    }
  },